;x;y;Ru;Pd;Ag;Pt;Au;Total
Spektrum 1 {6};-22.67;-40.969;1.6;27.2;3.0;1.8;16.3;50.0
Spektrum 1 {7};-18.169;-40.969;2.0;28.4;2.1;1.9;15.7;50.0
Spektrum 1 {8};-13.67;-40.969;2.2;29.6;2.4;1.3;14.5;50.0
Spektrum 1 {9};-9.17;-40.969;2.0;31.1;2.0;1.6;13.4;50.0
Spektrum 1 {10};-4.67;-40.969;2.3;32.9;1.3;1.2;12.3;50.0
Spektrum 1 {11};-0.171;-40.969;2.2;34.0;1.6;1.2;10.9;50.0
Spektrum 1 {12};4.319;-40.969;2.2;35.3;1.2;1.0;10.3;50.0
Spektrum 1 {13};8.819;-40.969;2.3;36.5;1.1;1.0;9.0;50.0
Spektrum 1 {14};13.319;-40.969;2.3;37.9;0.8;1.1;7.9;50.0
Spektrum 1 {15};17.819;-40.969;2.4;38.3;1.1;0.9;7.3;50.0
Spektrum 1 {16};22.319;-40.969;2.2;39.3;1.3;0.9;6.3;50.0
Spektrum 1 {26};-27.17;-36.47;2.1;25.0;3.1;2.4;17.3;50.0
Spektrum 1 {27};-22.669;-36.47;2.3;27.2;2.7;2.0;15.8;50.0
Spektrum 1 {28};-18.17;-36.47;2.3;28.4;2.3;1.9;15.2;50.0
Spektrum 1 {29};-13.669;-36.47;2.6;29.2;2.5;2.1;13.6;50.0
Spektrum 1 {30};-9.17;-36.47;2.0;31.3;2.1;1.7;12.8;50.0
Spektrum 1 {31};-4.668;-36.47;2.3;32.6;1.6;1.5;12.1;50.0
Spektrum 1 {32};-0.169;-36.47;2.4;33.8;1.7;1.4;10.7;50.0
Spektrum 1 {33};4.318;-36.47;2.4;35.3;1.3;1.2;9.8;50.0
Spektrum 1 {34};8.819;-36.47;2.4;36.1;1.4;1.2;8.9;50.0
Spektrum 1 {35};13.318;-36.47;2.5;37.7;0.8;1.2;7.8;50.0
Spektrum 1 {36};17.819;-36.47;2.5;38.5;1.0;1.1;6.9;50.0
Spektrum 1 {37};22.32;-36.47;2.7;39.5;0.7;1.0;6.2;50.0
Spektrum 1 {38};26.82;-36.47;2.5;40.4;0.8;1.0;5.4;50.0
Spektrum 1 {46};-31.67;-31.969;2.1;24.4;3.7;2.3;17.6;50.0
Spektrum 1 {47};-27.171;-31.969;2.3;25.0;3.8;2.3;16.7;50.0
Spektrum 1 {48};-22.67;-31.969;2.4;26.8;3.0;2.1;15.7;50.0
Spektrum 1 {49};-18.171;-31.969;2.5;28.7;2.4;1.9;14.5;50.0
Spektrum 1 {50};-13.67;-31.969;2.7;29.7;2.4;2.0;13.3;50.0
Spektrum 1 {51};-9.169;-31.969;2.9;31.0;2.1;1.7;12.2;50.0
Spektrum 1 {52};-4.669;-31.969;2.7;32.4;1.6;1.7;11.7;50.0
Spektrum 1 {53};-0.169;-31.969;2.6;34.2;1.2;1.6;10.5;50.0
Spektrum 1 {54};4.318;-31.969;2.8;35.2;1.1;1.6;9.3;50.0
Spektrum 1 {55};8.819;-31.969;2.5;36.4;1.5;1.3;8.4;50.0
Spektrum 1 {56};13.32;-31.969;2.7;37.1;1.3;1.3;7.6;50.0
Spektrum 1 {57};17.819;-31.969;2.8;38.6;1.0;1.2;6.4;50.0
Spektrum 1 {58};22.32;-31.969;2.6;39.2;0.9;1.2;6.1;50.0
Spektrum 1 {59};26.819;-31.969;2.9;40.5;0.3;1.1;5.2;50.0
Spektrum 1 {60};31.32;-31.969;2.7;41.0;0.6;1.1;4.6;50.0
Spektrum 1 {66};-36.169;-27.464;2.3;22.6;4.3;3.0;17.9;50.0
Spektrum 1 {67};-31.672;-27.464;2.4;24.3;3.8;2.6;16.9;50.0
Spektrum 1 {68};-27.171;-27.464;2.4;25.1;3.6;2.4;16.4;50.0
Spektrum 1 {69};-22.669;-27.464;2.3;26.6;3.5;2.3;15.3;50.0
Spektrum 1 {70};-18.168;-27.464;2.5;28.2;2.8;2.5;14.0;50.0
Spektrum 1 {71};-13.669;-27.464;2.6;29.2;3.0;2.1;13.0;50.0
Spektrum 1 {72};-9.17;-27.464;3.0;30.9;2.1;2.5;11.6;50.0
Spektrum 1 {73};-4.669;-27.464;2.7;32.4;2.0;1.9;11.0;50.0
Spektrum 1 {74};-0.169;-27.464;2.5;33.9;2.0;1.9;9.7;50.0
Spektrum 1 {75};4.321;-27.464;2.9;35.3;1.1;1.5;9.2;50.0
Spektrum 1 {76};8.819;-27.464;2.7;36.0;1.6;1.5;8.1;50.0
Spektrum 1 {77};13.319;-27.464;2.9;37.4;1.0;1.5;7.1;50.0
Spektrum 1 {78};17.82;-27.464;2.7;38.1;1.3;1.5;6.4;50.0
Spektrum 1 {79};22.32;-27.464;3.0;38.9;1.0;1.4;5.6;50.0
Spektrum 1 {80};26.82;-27.464;3.0;39.9;1.0;1.3;4.9;50.0
Spektrum 1 {81};31.321;-27.464;2.9;40.8;0.7;1.1;4.4;50.0
Spektrum 1 {82};35.818;-27.464;3.0;41.7;0.3;1.1;3.9;50.0
Spektrum 1 {86};-40.67;-22.967;2.6;20.4;5.0;3.1;19.0;50.0
Spektrum 1 {87};-36.17;-22.967;2.6;22.3;4.6;2.9;17.6;50.0
Spektrum 1 {88};-31.669;-22.967;2.5;24.0;4.2;2.9;16.4;50.0
Spektrum 1 {89};-27.17;-22.967;2.7;24.8;3.8;3.0;15.7;50.0
Spektrum 1 {90};-22.668;-22.967;3.0;26.7;3.0;2.6;14.6;50.0
Spektrum 1 {91};-18.168;-22.967;3.1;27.6;2.8;2.8;13.7;50.0
Spektrum 1 {92};-13.67;-22.967;2.8;29.5;2.9;2.3;12.5;50.0
Spektrum 1 {93};-9.169;-22.967;2.8;31.3;1.9;2.3;11.6;50.0
Spektrum 1 {94};-4.671;-22.967;3.2;31.8;2.1;2.3;10.5;50.0
Spektrum 1 {95};-0.171;-22.967;3.0;33.2;2.0;2.4;9.3;50.0
Spektrum 1 {96};4.32;-22.967;3.0;35.0;1.5;2.1;8.4;50.0
Spektrum 1 {97};8.819;-22.967;3.1;35.8;1.4;1.8;7.9;50.0
Spektrum 1 {98};13.318;-22.967;3.2;37.1;0.9;1.8;7.0;50.0
Spektrum 1 {99};17.82;-22.967;3.2;38.0;1.0;1.6;6.1;50.0
Spektrum 1 {100};22.32;-22.967;3.1;39.0;1.2;1.6;5.2;50.0
Spektrum 1 {101};26.82;-22.967;3.0;40.0;0.7;1.2;5.1;50.0
Spektrum 1 {102};31.318;-22.967;3.2;40.6;0.8;1.4;4.1;50.0
Spektrum 1 {103};35.819;-22.967;3.2;41.7;0.3;1.1;3.7;50.0
Spektrum 1 {104};40.318;-22.967;3.2;42.0;0.7;0.8;3.3;50.0
Spektrum 1 {107};-40.671;-18.467;2.5;20.9;5.7;3.2;17.7;50.0
Spektrum 1 {108};-36.169;-18.467;2.8;22.2;4.5;3.7;16.8;50.0
Spektrum 1 {109};-31.67;-18.467;2.7;23.6;4.2;3.4;16.1;50.0
Spektrum 1 {110};-27.169;-18.467;2.7;25.3;3.8;3.3;14.9;50.0
Spektrum 1 {111};-22.669;-18.467;3.1;26.4;3.5;3.3;13.7;50.0
Spektrum 1 {112};-18.168;-18.467;3.1;28.1;3.0;2.9;13.0;50.0
Spektrum 1 {113};-13.671;-18.467;3.2;29.1;2.7;3.1;11.9;50.0
Spektrum 1 {114};-9.169;-18.467;3.2;31.0;2.0;2.7;11.1;50.0
Spektrum 1 {115};-4.668;-18.467;3.6;31.6;2.4;2.6;9.8;50.0
Spektrum 1 {116};-0.169;-18.467;3.2;33.4;2.0;2.5;8.9;50.0
Spektrum 1 {117};4.32;-18.467;3.3;34.3;1.9;2.1;8.4;50.0
Spektrum 1 {118};8.819;-18.467;3.3;35.8;1.3;1.9;7.6;50.0
Spektrum 1 {119};13.32;-18.467;3.5;37.0;1.2;1.7;6.6;50.0
Spektrum 1 {120};17.818;-18.467;3.4;38.1;0.9;1.7;6.0;50.0
Spektrum 1 {121};22.32;-18.467;3.5;38.5;1.1;1.7;5.2;50.0
Spektrum 1 {122};26.82;-18.467;3.5;39.5;1.0;1.6;4.4;50.0
Spektrum 1 {123};31.32;-18.467;3.4;40.2;0.9;1.4;4.1;50.0
Spektrum 1 {124};35.82;-18.467;3.5;41.0;0.7;1.4;3.5;50.0
Spektrum 1 {125};40.318;-18.467;3.3;41.7;0.7;1.2;3.2;50.0
Spektrum 1 {127};-45.167;-13.964;2.8;19.5;6.0;3.7;18.0;50.0
Spektrum 1 {128};-40.672;-13.964;2.8;20.6;5.4;3.8;17.4;50.0
Spektrum 1 {129};-36.17;-13.964;2.9;21.8;5.1;3.7;16.5;50.0
Spektrum 1 {130};-31.67;-13.964;2.7;23.9;4.2;3.5;15.7;50.0
Spektrum 1 {131};-27.171;-13.964;2.9;25.1;3.8;3.5;14.6;50.0
Spektrum 1 {132};-22.67;-13.964;3.5;26.2;3.5;3.7;13.2;50.0
Spektrum 1 {133};-18.168;-13.964;3.5;27.5;3.1;3.5;12.5;50.0
Spektrum 1 {134};-13.669;-13.964;3.7;28.9;2.7;3.2;11.5;50.0
Spektrum 1 {135};-9.169;-13.964;3.7;30.5;2.5;2.8;10.5;50.0
Spektrum 1 {136};-4.668;-13.964;3.6;31.8;2.3;2.7;9.6;50.0
Spektrum 1 {137};-0.168;-13.964;3.6;32.8;1.9;2.7;9.0;50.0
Spektrum 1 {138};4.319;-13.964;3.6;34.2;1.9;2.3;8.0;50.0
Spektrum 1 {139};8.819;-13.964;3.8;35.4;1.7;2.2;7.0;50.0
Spektrum 1 {140};13.319;-13.964;3.6;36.5;1.9;1.9;6.1;50.0
Spektrum 1 {141};17.819;-13.964;3.7;37.7;1.2;1.9;5.5;50.0
Spektrum 1 {142};22.32;-13.964;3.9;38.3;0.8;1.9;5.2;50.0
Spektrum 1 {143};26.819;-13.964;3.8;39.1;1.0;1.7;4.4;50.0
Spektrum 1 {144};31.32;-13.964;3.7;39.9;1.0;1.5;3.9;50.0
Spektrum 1 {145};35.819;-13.964;3.7;41.0;0.8;1.3;3.2;50.0
Spektrum 1 {146};40.319;-13.964;3.8;41.4;0.7;1.3;2.9;50.0
Spektrum 1 {147};44.819;-13.964;4.1;59.7;0.3;-2.4;-11.8;50.0
Spektrum 1 {148};-45.169;-9.466;3.1;19.1;6.2;4.4;17.3;50.0
Spektrum 1 {149};-40.67;-9.466;2.9;20.3;5.7;4.5;16.6;50.0
Spektrum 1 {150};-36.171;-9.466;3.0;21.9;5.2;3.9;15.9;50.0
Spektrum 1 {151};-31.671;-9.466;3.4;22.8;4.5;4.5;14.8;50.0
Spektrum 1 {152};-27.171;-9.466;3.4;24.3;4.5;3.8;14.0;50.0
Spektrum 1 {153};-22.669;-9.466;3.2;25.6;4.0;3.9;13.2;50.0
Spektrum 1 {154};-18.17;-9.466;3.6;27.2;3.6;3.8;11.9;50.0
Spektrum 1 {155};-13.669;-9.466;3.8;28.8;3.1;3.7;10.6;50.0
Spektrum 1 {156};-9.169;-9.466;3.6;30.4;2.7;3.3;9.9;50.0
Spektrum 1 {157};-4.668;-9.466;3.9;31.2;2.6;3.1;9.2;50.0
Spektrum 1 {158};-0.17;-9.466;3.9;32.7;2.1;2.7;8.6;50.0
Spektrum 1 {159};4.318;-9.466;4.1;33.9;1.9;2.8;7.3;50.0
Spektrum 1 {160};8.819;-9.466;3.6;35.3;1.6;2.7;6.8;50.0
Spektrum 1 {161};13.32;-9.466;4.1;36.0;1.5;2.3;6.2;50.0
Spektrum 1 {162};17.821;-9.466;4.1;37.0;1.3;2.3;5.3;50.0
Spektrum 1 {163};22.32;-9.466;4.1;37.9;1.0;2.1;4.8;50.0
Spektrum 1 {164};26.82;-9.466;4.0;39.1;0.7;1.9;4.2;50.0
Spektrum 1 {165};31.318;-9.466;4.0;40.0;0.8;1.6;3.7;50.0
Spektrum 1 {166};35.821;-9.466;4.0;40.4;0.8;1.5;3.2;50.0
Spektrum 1 {167};40.319;-9.466;3.9;41.3;0.6;1.4;2.8;50.0
Spektrum 1 {168};44.82;-9.466;4.1;41.8;0.3;1.4;2.4;50.0
Spektrum 1 {169};-45.167;-4.966;3.2;19.0;6.6;5.1;16.1;50.0
Spektrum 1 {170};-40.67;-4.966;3.5;20.3;5.5;5.1;15.6;50.0
Spektrum 1 {171};-36.17;-4.966;3.5;21.6;5.2;4.9;14.9;50.0
Spektrum 1 {172};-31.67;-4.966;3.6;22.9;4.7;4.6;14.3;50.0
Spektrum 1 {173};-27.171;-4.966;3.7;24.0;4.5;4.5;13.3;50.0
Spektrum 1 {174};-22.67;-4.966;3.6;25.5;4.3;4.6;12.0;50.0
Spektrum 1 {175};-18.17;-4.966;4.4;26.9;3.4;4.0;11.3;50.0
Spektrum 1 {176};-13.669;-4.966;3.9;28.2;3.1;4.2;10.7;50.0
Spektrum 1 {177};-9.171;-4.966;4.0;29.7;2.8;3.9;9.7;50.0
Spektrum 1 {178};-4.671;-4.966;3.9;31.1;2.8;3.2;9.0;50.0
Spektrum 1 {179};-0.169;-4.966;4.2;32.3;2.4;3.5;7.6;50.0
Spektrum 1 {180};4.32;-4.966;4.3;33.8;1.8;3.0;7.1;50.0
Spektrum 1 {181};8.82;-4.966;4.4;34.5;1.8;2.9;6.3;50.0
Spektrum 1 {182};13.319;-4.966;4.4;35.4;1.6;2.8;5.7;50.0
Spektrum 1 {183};17.819;-4.966;4.3;36.9;1.1;2.6;5.1;50.0
Spektrum 1 {184};22.32;-4.966;4.4;37.8;1.2;2.1;4.6;50.0
Spektrum 1 {185};26.819;-4.966;4.4;38.6;0.9;2.3;3.9;50.0
Spektrum 1 {186};31.319;-4.966;4.5;39.0;1.1;2.1;3.3;50.0
Spektrum 1 {187};35.819;-4.966;4.3;40.0;0.8;1.8;3.1;50.0
Spektrum 1 {188};40.318;-4.966;4.4;40.4;0.9;1.4;2.9;50.0
Spektrum 1 {189};44.819;-4.966;4.4;40.8;1.0;1.4;2.4;50.0
Spektrum 1 {190};-45.168;-0.468;3.3;18.4;6.5;5.9;15.9;50.0
Spektrum 1 {191};-40.672;-0.468;3.7;20.0;6.1;5.7;14.5;50.0
Spektrum 1 {192};-36.17;-0.468;3.7;21.0;6.0;5.5;13.8;50.0
Spektrum 1 {193};-31.67;-0.468;4.2;22.0;5.2;5.2;13.3;50.0
Spektrum 1 {194};-27.169;-0.468;3.9;23.8;4.8;5.2;12.4;50.0
Spektrum 1 {195};-22.669;-0.468;4.3;25.4;4.0;5.1;11.3;50.0
Spektrum 1 {196};-18.169;-0.468;4.4;26.2;3.7;4.9;10.8;50.0
Spektrum 1 {197};-13.669;-0.468;4.3;28.5;3.3;4.5;9.4;50.0
Spektrum 1 {198};-9.17;-0.468;4.4;29.4;3.0;4.3;8.8;50.0
Spektrum 1 {199};-4.67;-0.468;4.6;30.4;2.5;3.8;8.6;50.0
Spektrum 1 {200};-0.169;-0.468;4.5;31.7;2.7;3.7;7.4;50.0
Spektrum 1 {201};4.32;-0.468;4.7;33.1;1.9;3.6;6.7;50.0
Spektrum 1 {202};8.82;-0.468;4.7;34.0;1.8;3.5;6.1;50.0
Spektrum 1 {203};13.319;-0.468;4.6;35.5;1.4;3.1;5.4;50.0
Spektrum 1 {204};17.818;-0.468;4.7;36.6;1.1;2.8;4.8;50.0
Spektrum 1 {205};22.318;-0.468;4.5;37.2;1.4;2.7;4.1;50.0
Spektrum 1 {206};26.818;-0.468;4.8;37.9;1.1;2.6;3.6;50.0
Spektrum 1 {207};31.318;-0.468;4.6;38.8;1.0;2.2;3.3;50.0
Spektrum 1 {208};35.818;-0.468;4.7;39.4;1.1;1.9;2.9;50.0
Spektrum 1 {209};40.318;-0.468;4.4;40.5;0.5;1.8;2.7;50.0
Spektrum 1 {210};44.819;-0.468;4.7;40.5;0.9;1.5;2.4;50.0
Spektrum 1 {211};-45.167;4.022;3.5;18.8;7.1;6.2;14.4;50.0
Spektrum 1 {212};-40.67;4.022;3.7;20.1;6.2;6.2;13.8;50.0
Spektrum 1 {213};-36.17;4.022;4.1;21.0;5.5;5.8;13.5;50.0
Spektrum 1 {214};-31.67;4.022;4.0;22.6;4.8;6.2;12.5;50.0
Spektrum 1 {215};-27.171;4.022;4.4;23.0;5.2;5.9;11.6;50.0
Spektrum 1 {216};-22.67;4.022;4.4;25.0;4.2;5.3;11.1;50.0
Spektrum 1 {217};-18.17;4.022;4.7;26.3;3.7;5.4;10.0;50.0
Spektrum 1 {218};-13.671;4.022;4.4;28.0;3.2;4.9;9.5;50.0
Spektrum 1 {219};-9.17;4.022;4.5;28.7;3.5;4.7;8.6;50.0
Spektrum 1 {220};-4.671;4.022;5.1;29.9;2.9;4.6;7.5;50.0
Spektrum 1 {221};-0.169;4.022;4.7;31.3;2.6;4.5;6.8;50.0
Spektrum 1 {222};4.32;4.022;5.0;33.1;2.0;3.5;6.4;50.0
Spektrum 1 {223};8.819;4.022;5.0;34.0;1.9;3.6;5.6;50.0
Spektrum 1 {224};13.32;4.022;4.9;34.9;1.6;3.5;5.0;50.0
Spektrum 1 {225};17.819;4.022;5.0;36.2;1.2;3.2;4.3;50.0
Spektrum 1 {226};22.32;4.022;5.1;36.6;1.3;2.9;4.1;50.0
Spektrum 1 {227};26.82;4.022;4.9;37.7;1.1;2.7;3.5;50.0
Spektrum 1 {228};31.32;4.022;4.8;38.8;0.9;2.3;3.2;50.0
Spektrum 1 {229};35.818;4.022;4.9;39.5;0.9;2.1;2.5;50.0
Spektrum 1 {230};40.319;4.022;4.9;39.3;1.3;2.0;2.5;50.0
Spektrum 1 {231};44.819;4.022;4.9;40.7;0.7;1.6;2.1;50.0
Spektrum 1 {232};-45.167;8.523;4.0;18.1;7.0;6.9;14.0;50.0
Spektrum 1 {233};-40.672;8.523;4.0;19.2;6.3;7.5;12.9;50.0
Spektrum 1 {234};-36.171;8.523;3.9;20.5;6.3;7.0;12.3;50.0
Spektrum 1 {235};-31.67;8.523;4.8;22.0;5.2;6.5;11.5;50.0
Spektrum 1 {236};-27.171;8.523;4.2;23.4;4.8;6.3;11.2;50.0
Spektrum 1 {237};-22.67;8.523;4.9;24.3;4.6;6.1;10.1;50.0
Spektrum 1 {238};-18.169;8.523;4.8;25.9;4.1;5.9;9.4;50.0
Spektrum 1 {239};-13.669;8.523;4.9;27.2;3.5;5.5;8.8;50.0
Spektrum 1 {240};-9.171;8.523;5.1;28.8;2.7;5.2;8.3;50.0
Spektrum 1 {241};-4.67;8.523;5.2;29.6;2.9;5.3;7.0;50.0
Spektrum 1 {242};-0.17;8.523;5.3;30.5;3.1;4.8;6.3;50.0
Spektrum 1 {243};4.321;8.523;5.3;32.3;2.2;4.4;5.8;50.0
Spektrum 1 {244};8.819;8.523;5.4;33.2;2.1;4.2;5.1;50.0
Spektrum 1 {245};13.32;8.523;5.5;34.5;1.6;3.8;4.6;50.0
Spektrum 1 {246};17.819;8.523;5.6;34.9;1.7;3.5;4.3;50.0
Spektrum 1 {247};22.32;8.523;5.2;36.5;1.2;3.3;3.9;50.0
Spektrum 1 {248};26.818;8.523;5.3;37.1;1.4;3.1;3.1;50.0
Spektrum 1 {249};31.32;8.523;5.6;37.3;1.3;2.8;3.1;50.0
Spektrum 1 {250};35.819;8.523;5.4;38.5;0.9;2.5;2.7;50.0
Spektrum 1 {251};40.32;8.523;5.2;39.6;0.7;2.3;2.2;50.0
Spektrum 1 {252};44.82;8.523;5.3;39.9;0.8;1.9;2.0;50.0
Spektrum 1 {253};-45.168;13.021;4.2;17.5;7.8;7.6;12.9;50.0
Spektrum 1 {254};-40.671;13.021;4.5;18.7;7.2;7.6;12.0;50.0
Spektrum 1 {255};-36.172;13.021;4.7;19.8;6.2;7.4;11.9;50.0
Spektrum 1 {256};-31.672;13.021;4.8;21.2;5.6;7.4;10.9;50.0
Spektrum 1 {257};-27.17;13.021;4.8;22.8;5.2;6.9;10.2;50.0
Spektrum 1 {258};-22.67;13.021;4.9;24.2;4.5;6.8;9.6;50.0
Spektrum 1 {259};-18.168;13.021;5.4;24.8;4.3;6.5;9.0;50.0
Spektrum 1 {260};-13.67;13.021;5.1;26.2;4.5;6.2;8.1;50.0
Spektrum 1 {261};-9.169;13.021;5.5;28.1;2.9;5.9;7.6;50.0
Spektrum 1 {262};-4.67;13.021;5.8;28.5;3.2;5.4;7.1;50.0
Spektrum 1 {263};-0.171;13.021;5.7;30.3;2.6;5.1;6.3;50.0
Spektrum 1 {264};4.318;13.021;5.6;31.4;2.4;5.2;5.4;50.0
Spektrum 1 {265};8.818;13.021;5.8;32.4;2.1;4.6;5.0;50.0
Spektrum 1 {266};13.318;13.021;6.2;33.6;1.8;4.1;4.4;50.0
Spektrum 1 {267};17.818;13.021;6.2;34.6;1.8;3.8;3.8;50.0
Spektrum 1 {268};22.32;13.021;5.8;35.6;1.7;3.4;3.4;50.0
Spektrum 1 {269};26.82;13.021;5.6;36.8;1.2;3.3;3.1;50.0
Spektrum 1 {270};31.32;13.021;5.9;37.2;1.1;3.0;2.9;50.0
Spektrum 1 {271};35.819;13.021;5.7;37.9;1.1;2.9;2.4;50.0
Spektrum 1 {272};40.318;13.021;5.8;38.7;0.8;2.5;2.1;50.0
Spektrum 1 {273};44.819;13.021;5.6;39.7;0.7;2.2;1.9;50.0
Spektrum 1 {275};-40.672;17.523;5.1;18.6;6.6;8.4;11.3;50.0
Spektrum 1 {276};-36.171;17.523;4.7;20.0;6.4;8.0;10.9;50.0
Spektrum 1 {277};-31.67;17.523;4.7;21.2;5.5;8.2;10.3;50.0
Spektrum 1 {278};-27.171;17.523;5.5;22.2;5.0;7.8;9.5;50.0
Spektrum 1 {279};-22.67;17.523;5.4;23.4;5.1;7.3;8.8;50.0
Spektrum 1 {280};-18.169;17.523;5.8;24.8;4.2;7.0;8.2;50.0
Spektrum 1 {281};-13.67;17.523;5.6;26.4;3.9;6.6;7.4;50.0
Spektrum 1 {282};-9.17;17.523;5.7;27.9;2.8;6.6;7.0;50.0
Spektrum 1 {283};-4.671;17.523;5.9;28.4;3.1;6.4;6.3;50.0
Spektrum 1 {284};-0.169;17.523;6.4;29.2;3.1;5.7;5.6;50.0
Spektrum 1 {285};4.318;17.523;6.4;31.3;2.3;5.3;4.7;50.0
Spektrum 1 {286};8.819;17.523;6.2;32.2;2.1;5.2;4.3;50.0
Spektrum 1 {287};13.32;17.523;6.3;33.2;1.6;4.8;4.1;50.0
Spektrum 1 {288};17.819;17.523;6.1;34.2;1.8;4.1;3.7;50.0
Spektrum 1 {289};22.32;17.523;6.0;35.1;1.7;4.1;3.1;50.0
Spektrum 1 {290};26.819;17.523;6.2;36.1;1.2;3.7;2.8;50.0
Spektrum 1 {291};31.318;17.523;6.0;36.8;1.2;3.2;2.6;50.0
Spektrum 1 {292};35.818;17.523;6.4;37.6;0.5;3.2;2.3;50.0
Spektrum 1 {293};40.319;17.523;6.0;38.1;1.0;2.7;2.3;50.0
Spektrum 1 {296};-40.67;22.025;4.9;18.1;7.2;9.2;10.6;50.0
Spektrum 1 {297};-36.17;22.025;5.2;18.9;6.8;9.1;9.9;50.0
Spektrum 1 {298};-31.669;22.025;5.3;20.6;6.1;8.8;9.3;50.0
Spektrum 1 {299};-27.169;22.025;6.0;21.5;5.3;8.6;8.7;50.0
Spektrum 1 {300};-22.669;22.025;6.0;23.1;4.7;7.9;8.4;50.0
Spektrum 1 {301};-18.169;22.025;6.3;24.0;4.3;7.9;7.5;50.0
Spektrum 1 {302};-13.669;22.025;6.2;25.3;4.3;7.4;6.8;50.0
Spektrum 1 {303};-9.17;22.025;6.2;27.1;3.2;7.2;6.2;50.0
Spektrum 1 {304};-4.671;22.025;6.6;27.8;3.1;6.6;5.9;50.0
Spektrum 1 {305};-0.17;22.025;6.8;29.1;2.9;6.2;5.1;50.0
Spektrum 1 {306};4.318;22.025;6.4;30.0;2.7;6.1;4.8;50.0
Spektrum 1 {307};8.817;22.025;7.0;31.3;1.7;5.7;4.3;50.0
Spektrum 1 {308};13.317;22.025;6.8;32.8;1.6;5.0;3.8;50.0
Spektrum 1 {309};17.819;22.025;6.5;33.5;1.8;4.9;3.3;50.0
Spektrum 1 {310};22.317;22.025;6.7;34.3;1.7;4.2;3.1;50.0
Spektrum 1 {311};26.818;22.025;6.4;35.4;1.6;3.9;2.7;50.0
Spektrum 1 {312};31.318;22.025;6.5;35.9;1.5;3.7;2.4;50.0
Spektrum 1 {313};35.817;22.025;6.6;36.9;1.1;3.4;2.1;50.0
Spektrum 1 {314};40.318;22.025;6.6;37.5;0.7;3.3;1.9;50.0
Spektrum 1 {318};-36.17;26.525;5.1;18.7;6.6;9.9;9.6;50.0
Spektrum 1 {319};-31.67;26.525;5.8;20.2;6.1;9.4;8.5;50.0
Spektrum 1 {320};-27.172;26.525;6.3;21.1;6.0;8.7;8.1;50.0
Spektrum 1 {321};-22.671;26.525;6.1;22.3;5.1;8.9;7.7;50.0
Spektrum 1 {322};-18.171;26.525;6.6;23.9;4.7;8.2;6.7;50.0
Spektrum 1 {323};-13.669;26.525;6.8;24.3;4.4;7.9;6.6;50.0
Spektrum 1 {324};-9.169;26.525;6.8;26.3;3.6;7.8;5.6;50.0
Spektrum 1 {325};-4.67;26.525;6.8;27.1;3.5;7.1;5.5;50.0
Spektrum 1 {326};-0.17;26.525;7.0;28.7;2.8;7.3;4.3;50.0
Spektrum 1 {327};4.317;26.525;7.2;29.5;2.4;6.7;4.2;50.0
Spektrum 1 {328};8.818;26.525;7.1;30.8;2.1;6.1;3.9;50.0
Spektrum 1 {329};13.32;26.525;6.9;31.3;2.6;5.7;3.4;50.0
Spektrum 1 {330};17.82;26.525;7.0;32.8;2.0;5.3;2.9;50.0
Spektrum 1 {331};22.32;26.525;7.0;33.6;1.6;4.8;3.0;50.0
Spektrum 1 {332};26.818;26.525;7.0;34.6;1.5;4.3;2.6;50.0
Spektrum 1 {333};31.32;26.525;7.0;35.2;1.7;4.0;2.1;50.0
Spektrum 1 {334};35.82;26.525;7.0;36.5;0.9;3.7;1.9;50.0
Spektrum 1 {340};-31.671;31.026;6.3;20.0;6.0;10.1;7.7;50.0
Spektrum 1 {341};-27.171;31.026;6.4;20.7;6.1;9.9;7.0;50.0
Spektrum 1 {342};-22.669;31.026;6.4;21.9;5.5;9.3;6.9;50.0
Spektrum 1 {343};-18.17;31.026;6.9;23.3;4.9;9.2;5.7;50.0
Spektrum 1 {344};-13.67;31.026;7.2;24.3;4.3;8.5;5.6;50.0
Spektrum 1 {345};-9.169;31.026;7.0;26.0;3.5;8.3;5.2;50.0
Spektrum 1 {346};-4.669;31.026;7.6;26.3;3.2;8.1;4.8;50.0
Spektrum 1 {347};-0.171;31.026;7.4;27.9;3.1;7.5;4.1;50.0
Spektrum 1 {348};4.318;31.026;7.4;28.5;2.8;7.2;4.0;50.0
Spektrum 1 {349};8.818;31.026;7.7;29.6;2.3;6.8;3.7;50.0
Spektrum 1 {350};13.32;31.026;7.4;31.2;2.0;6.2;3.2;50.0
Spektrum 1 {351};17.82;31.026;7.7;31.9;1.9;5.4;3.1;50.0
Spektrum 1 {352};22.32;31.026;7.8;32.7;1.5;5.2;2.7;50.0
Spektrum 1 {353};26.818;31.026;7.6;33.7;1.3;5.2;2.2;50.0
Spektrum 1 {354};31.32;31.026;7.4;35.0;1.3;4.5;1.8;50.0
Spektrum 1 {362};-27.169;35.525;7.0;20.5;5.8;10.4;6.3;50.0
Spektrum 1 {363};-22.67;35.525;6.5;21.1;5.8;10.5;6.0;50.0
Spektrum 1 {364};-18.17;35.525;7.3;22.7;4.5;9.7;5.8;50.0
Spektrum 1 {365};-13.671;35.525;7.3;23.1;4.9;9.0;5.6;50.0
Spektrum 1 {366};-9.17;35.525;7.6;24.7;4.3;9.1;4.3;50.0
Spektrum 1 {367};-4.669;35.525;8.0;25.9;3.3;8.5;4.3;50.0
Spektrum 1 {368};-0.169;35.525;7.7;27.2;2.9;8.1;4.1;50.0
Spektrum 1 {369};4.317;35.525;7.8;28.7;2.6;7.8;3.1;50.0
Spektrum 1 {370};8.819;35.525;7.7;29.1;2.8;7.2;3.2;50.0
Spektrum 1 {371};13.32;35.525;8.0;30.3;2.0;6.7;3.0;50.0
Spektrum 1 {372};17.818;35.525;8.1;31.3;1.7;6.3;2.5;50.0
Spektrum 1 {373};22.318;35.525;8.4;32.4;1.4;5.6;2.2;50.0
Spektrum 1 {374};26.82;35.525;5.7;15.9;8.4;23.4;-3.4;50.0
Spektrum 1 {384};-22.67;40.021;6.9;20.7;5.7;11.2;5.4;50.0
Spektrum 1 {385};-18.169;40.021;7.0;22.0;5.1;11.0;4.8;50.0
Spektrum 1 {386};-13.67;40.021;7.5;23.4;4.2;10.2;4.7;50.0
Spektrum 1 {387};-9.171;40.021;7.7;24.0;4.6;9.4;4.4;50.0
Spektrum 1 {388};-4.671;40.021;8.2;25.2;3.3;9.2;4.1;50.0
Spektrum 1 {389};-0.172;40.021;8.2;25.7;3.6;8.8;3.7;50.0
Spektrum 1 {390};4.318;40.021;8.4;27.4;2.8;8.1;3.3;50.0
Spektrum 1 {391};8.817;40.021;8.6;28.3;2.2;7.8;3.1;50.0
Spektrum 1 {392};13.319;40.021;8.5;29.2;2.2;7.6;2.6;50.0
Spektrum 1 {393};17.817;40.021;9.0;29.9;2.1;6.7;2.3;50.0
Spektrum 1 {394};22.317;40.021;8.6;31.0;1.8;6.5;1.9;50.0
Spektrum 1 {407};-13.67;44.521;8.4;22.0;4.6;11.0;3.9;50.0
Spektrum 1 {408};-9.17;44.521;8.5;23.4;4.0;10.3;3.8;50.0
Spektrum 1 {409};-4.67;44.521;8.3;24.6;4.2;9.8;3.3;50.0
Spektrum 1 {410};-0.171;44.521;8.8;25.2;3.5;9.4;3.1;50.0
Spektrum 1 {411};4.319;44.521;8.7;26.1;3.4;8.8;2.9;50.0
Spektrum 1 {412};8.818;44.521;9.0;27.2;2.8;8.6;2.4;50.0
Spektrum 1 {413};13.319;44.521;9.1;28.4;2.5;7.7;2.3;50.0
